User ID,Violative,Frequency,Timestamp (minutes),Previous Violations,Severity,Action
1,1,3,42,2,High,Restrict
2,0,2,46,1,No,Allow
3,1,3,23,3,Critical,Ban
4,1,3,28,4,Critical,Ban
5,0,2,58,1,No,Allow
6,1,1,53,5,High,Restrict
7,1,2,31,4,Critical,Ban
8,1,3,22,1,High,Warn
9,0,1,25,6,Low,Warn
10,0,1,37,0,No,Allow
11,0,1,38,4,Low,Allow
12,1,4,19,3,Critical,Ban
13,0,2,13,4,Low,Allow
14,1,3,35,5,Critical,Ban
15,0,1,50,4,Medium,Restrict
16,0,1,17,4,Medium,Allow
17,0,1,30,5,Medium,Warn
18,0,1,18,4,Medium,Restrict
19,1,4,22,5,Critical,Restrict
20,0,2,41,2,Low,Allow
21,1,2,24,1,High,Warn
22,0,1,23,1,No,Allow
23,1,2,60,4,High,Restrict
24,1,4,18,3,Critical,Ban
25,1,2,19,0,Medium,Warn
26,0,1,57,1,No,Allow
27,0,1,38,6,Medium,Restrict
28,0,1,12,5,Medium,Warn
29,0,2,31,5,Low,Allow
30,1,2,38,1,Medium,Warn
31,1,4,22,0,High,Restrict
32,1,3,37,2,High,Ban
33,0,1,43,5,Medium,Warn
34,0,1,22,3,Low,Allow
35,0,1,51,5,Low,Allow
36,0,1,33,3,Low,Allow
37,0,2,59,3,Low,Warn
38,0,2,14,4,Low,Allow
39,0,1,26,6,Low,Allow
40,1,1,46,3,High,Restrict
41,0,1,55,4,Medium,Restrict
42,1,2,21,6,Critical,Ban
43,1,2,59,2,Medium,Warn
44,0,1,19,5,Low,Allow
45,1,3,31,3,Critical,Ban
46,1,2,26,6,Critical,Restrict
47,0,1,31,3,Low,Allow
48,0,1,56,4,Low,Allow
49,1,1,47,2,Medium,Allow
50,0,1,50,4,Low,Allow
51,0,1,22,2,Low,Warn
52,0,1,58,4,Low,Allow
53,1,2,32,5,Critical,Ban
54,1,2,43,3,High,Restrict
55,1,4,45,3,Critical,Restrict
56,1,4,43,2,Critical,Ban
57,0,2,40,5,Low,Allow
58,0,2,34,4,Low,Allow
59,0,1,43,3,Medium,Warn
60,0,2,56,0,No,Allow
61,1,2,29,0,Medium,Warn
62,0,1,36,0,No,Allow
63,0,2,19,5,Low,Allow
64,1,1,28,5,Critical,Ban
65,0,2,49,0,No,Allow
66,0,1,42,0,No,Warn
67,0,2,20,5,Low,Allow
68,0,1,37,3,Low,Allow
69,0,2,51,2,Low,Allow
70,0,1,16,4,Low,Warn
71,0,1,13,1,No,Allow
72,0,2,30,1,No,Allow
73,1,3,43,2,High,Warn
74,0,2,25,6,Medium,Warn
75,0,1,51,5,Low,Allow
76,0,1,53,1,No,Allow
77,0,2,37,3,Low,Allow
78,1,1,29,6,Critical,Restrict
79,0,1,12,6,Low,Warn
80,1,3,51,5,Critical,Ban
81,1,4,55,0,High,Restrict
82,0,1,32,1,No,Allow
83,1,1,36,1,Medium,Warn
84,0,2,48,1,No,Allow
85,0,2,45,1,No,Allow
86,0,2,16,2,Low,Allow
87,1,2,44,3,High,Restrict
88,0,2,57,2,Low,Allow
89,0,2,48,2,Low,Allow
90,0,2,34,1,No,Allow
91,0,2,36,1,No,Allow
92,1,4,23,6,Critical,Ban
93,0,1,43,4,Low,Allow
94,0,1,22,1,No,Allow
95,0,2,27,5,Low,Restrict
96,0,2,23,5,Low,Allow
97,0,2,27,6,Low,Allow
98,0,1,28,1,No,Allow
99,0,2,14,4,Low,Allow
100,1,1,46,6,Critical,Ban
101,1,1,32,5,Critical,Ban
102,1,4,58,1,High,Ban
103,0,1,19,6,Low,Warn
104,1,1,44,2,Medium,Restrict
105,1,4,19,3,Critical,Restrict
106,1,3,37,3,Critical,Ban
107,0,1,35,5,Low,Allow
108,0,2,32,0,No,Allow
109,0,2,43,3,Low,Allow
110,1,3,52,5,Critical,Ban
111,0,1,26,3,Low,Warn
112,0,1,53,1,No,Allow
113,0,1,19,0,No,Allow
114,0,2,24,3,Low,Allow
115,0,1,25,4,Medium,Restrict
116,1,1,58,3,Medium,Restrict
117,1,4,16,6,Critical,Ban
118,1,1,30,4,High,Restrict
119,0,1,31,3,Low,Restrict
120,0,1,50,0,No,Allow
121,0,2,34,3,Low,Allow
122,0,2,59,1,No,Allow
123,0,2,47,5,Medium,Restrict
124,0,1,45,1,No,Allow
125,0,2,48,6,Low,Allow
126,0,2,18,2,Low,Allow
127,0,1,32,3,Medium,Restrict
128,0,1,39,1,No,Allow
129,0,2,20,1,No,Allow
130,0,1,16,6,Low,Allow
131,0,1,16,1,No,Allow
132,1,2,50,3,High,Ban
133,0,2,43,6,Medium,Warn
134,0,2,24,4,Low,Allow
135,0,2,47,0,No,Allow
136,0,2,45,2,Low,Warn
137,1,1,51,2,Medium,Warn
138,0,1,56,1,No,Allow
139,1,1,54,1,Medium,Allow
140,0,2,19,3,Low,Allow
141,0,2,49,2,Low,Allow
142,0,2,30,2,Low,Warn
143,1,3,30,2,High,Restrict
144,0,1,43,2,Low,Allow
145,0,1,40,1,No,Allow
146,0,1,31,3,Low,Warn
147,0,1,60,6,Low,Allow
148,0,2,18,3,Low,Allow
149,0,2,14,4,Low,Warn
150,0,1,11,6,Low,Allow
151,1,1,51,4,High,Restrict
152,1,4,30,1,Critical,Ban
153,0,2,32,2,Low,Allow
154,0,2,43,3,Low,Allow
155,0,1,32,3,Low,Allow
156,1,3,39,1,High,Restrict
157,0,2,12,0,No,Allow
158,1,3,17,2,Critical,Restrict
159,1,4,57,6,Critical,Ban
160,1,2,32,5,Critical,Restrict
161,0,1,18,5,Low,Allow
162,1,1,28,1,Medium,Warn
163,0,2,27,2,Low,Warn
164,0,1,23,4,Medium,Warn
165,0,2,24,3,Low,Allow
166,0,2,47,2,Low,Warn
167,1,2,15,2,High,Restrict
168,1,4,25,0,High,Restrict
169,0,2,33,6,Medium,Allow
170,1,4,37,6,Critical,Ban
171,0,1,54,0,No,Allow
172,0,1,57,2,Medium,Warn
173,0,2,25,3,Low,Allow
174,1,1,37,5,Critical,Restrict
175,0,1,11,6,Medium,Restrict
176,0,1,41,2,Low,Allow
177,0,1,17,5,Low,Warn
178,1,3,13,6,Critical,Ban
179,1,4,44,5,Critical,Ban
180,1,4,19,2,Critical,Ban
181,1,2,34,5,Critical,Ban
182,1,4,15,2,Critical,Restrict
183,0,1,48,0,No,Allow
184,0,2,49,5,Medium,Warn
185,1,1,39,5,High,Restrict
186,1,4,52,2,High,Restrict
187,0,1,32,3,Low,Allow
188,0,1,19,2,Low,Allow
189,1,1,17,0,Medium,Restrict
190,0,2,21,6,Low,Warn
191,1,4,20,0,High,Ban
192,0,1,26,3,Low,Warn
193,0,2,20,0,No,Allow
194,1,1,40,4,High,Restrict
195,0,2,17,6,Low,Warn
196,0,1,41,4,Low,Allow
197,0,2,27,4,Medium,Warn
198,1,2,45,5,Critical,Restrict
199,0,2,36,6,Low,Warn
200,0,1,56,6,Medium,Allow
201,1,4,32,1,Critical,Ban
202,1,4,25,3,Critical,Ban
203,0,1,40,5,Medium,Restrict
204,0,1,43,2,Low,Restrict
205,0,1,32,4,Low,Allow
206,0,2,38,0,No,Allow
207,0,2,34,6,Low,Warn
208,1,4,25,4,Critical,Ban
209,0,1,25,5,Low,Warn
210,0,2,56,5,Low,Warn
211,1,1,44,1,Medium,Warn
212,0,2,14,3,Medium,Allow
213,0,1,59,6,Low,Warn
214,1,2,46,1,Medium,Warn
215,1,3,12,5,Critical,Ban
216,1,3,47,2,High,Ban
217,0,1,40,4,Low,Allow
218,0,1,56,3,Low,Allow
219,1,1,34,4,High,Warn
220,0,1,36,5,Low,Allow
221,0,1,26,2,Low,Warn
222,0,2,26,1,No,Allow
223,1,3,41,2,High,Restrict
224,1,2,52,4,High,Restrict
225,0,2,55,5,Low,Restrict
226,1,3,49,5,Critical,Ban
227,0,1,41,2,Low,Warn
228,0,2,35,6,Low,Allow
229,0,1,27,0,No,Allow
230,0,1,49,0,No,Allow
231,0,1,26,0,No,Allow
232,0,2,23,6,Medium,Allow
233,1,1,54,1,Medium,Restrict
234,0,1,40,4,Low,Allow
235,1,4,28,5,Critical,Ban
236,1,3,54,5,Critical,Restrict
237,0,2,59,6,Low,Allow
238,1,2,26,0,Medium,Restrict
239,0,2,36,2,Low,Warn
240,0,1,34,3,Low,Allow
241,1,3,45,4,Critical,Ban
242,1,1,58,4,High,Restrict
243,0,2,37,3,Low,Warn
244,0,1,50,2,Low,Allow
245,0,1,40,0,No,Allow
246,1,2,55,3,High,Ban
247,0,1,30,1,No,Allow
248,0,1,29,3,Low,Warn
249,0,2,31,5,Low,Allow
250,0,1,60,3,Low,Allow
251,1,3,41,4,Critical,Ban
252,1,1,17,0,Medium,Restrict
253,0,2,12,4,Low,Restrict
254,0,1,36,3,Low,Allow
255,0,1,51,0,No,Allow
256,1,1,34,1,Medium,Warn
257,1,3,38,5,Critical,Restrict
258,0,1,50,6,Low,Allow
259,0,2,36,3,Low,Warn
260,0,1,56,6,Low,Warn
261,0,1,42,1,No,Allow
262,1,2,47,2,High,Warn
263,0,1,49,6,Low,Allow
264,0,2,41,1,No,Warn
265,1,3,12,4,Critical,Ban
266,0,2,31,1,No,Allow
267,0,1,17,2,Low,Allow
268,0,2,36,3,Low,Allow
269,0,1,17,2,Low,Warn
270,0,2,35,6,Low,Allow
271,0,2,27,6,Medium,Warn
272,0,2,11,3,Low,Allow
273,0,2,16,3,Low,Allow
274,0,1,35,0,No,Allow
275,1,3,14,1,High,Warn
276,0,2,53,0,No,Allow
277,0,1,48,5,Low,Allow
278,0,2,46,1,No,Allow
279,1,1,18,2,High,Ban
280,1,2,50,5,Critical,Ban
281,0,1,42,4,Medium,Warn
282,0,2,29,4,Low,Allow
283,0,1,10,0,No,Allow
284,0,1,36,3,Medium,Restrict
285,0,1,50,3,Low,Allow
286,0,2,11,2,Low,Warn
287,0,2,12,5,Low,Allow
288,0,2,29,6,Low,Allow
289,0,2,36,1,No,Allow
290,0,1,34,2,Low,Allow
291,1,2,31,2,High,Restrict
292,0,2,23,5,Low,Warn
293,1,1,13,0,Medium,Warn
294,0,1,11,6,Low,Allow
295,1,1,15,5,Critical,Ban
296,1,3,45,3,Critical,Restrict
297,1,1,50,4,High,Restrict
298,1,4,32,6,Critical,Ban
299,1,2,13,5,Critical,Restrict
300,0,1,31,1,No,Allow
301,1,2,60,0,Medium,Restrict
302,0,2,22,4,Low,Allow
303,0,1,35,1,No,Allow
304,0,1,37,0,No,Allow
305,1,2,26,6,Critical,Ban
306,0,2,32,3,Low,Allow
307,0,2,34,4,Low,Allow
308,0,2,34,1,No,Allow
309,0,2,46,0,No,Allow
310,0,2,39,0,No,Allow
311,0,2,12,2,Low,Warn
312,0,2,10,0,No,Allow
313,0,1,30,2,Low,Allow
314,0,1,56,2,Low,Warn
315,0,2,11,3,Low,Allow
316,0,1,13,4,Medium,Warn
317,0,2,44,2,Low,Restrict
318,1,4,32,3,Critical,Restrict
319,0,2,21,0,No,Allow
320,1,2,20,2,High,Ban
321,1,4,43,6,Critical,Restrict
322,0,1,36,6,Low,Allow
323,0,1,42,3,Low,Warn
324,0,1,24,6,Low,Allow
325,1,4,36,3,Critical,Ban
326,1,1,53,0,Low,Warn
327,1,1,26,6,Critical,Ban
328,0,1,30,2,Medium,Restrict
329,0,1,18,4,Medium,Restrict
330,0,2,42,4,Low,Warn
331,1,1,11,2,High,Restrict
332,0,1,22,5,Medium,Warn
333,1,1,46,3,High,Ban
334,1,1,10,2,High,Ban
335,0,2,60,2,Low,Warn
336,0,1,30,5,Low,Allow
337,0,2,30,1,No,Allow
338,1,1,37,0,Medium,Warn
339,0,2,42,6,Low,Warn
340,1,3,33,2,High,Restrict
341,0,1,55,4,Low,Warn
342,1,4,59,5,Critical,Ban
343,1,3,20,5,Critical,Ban
344,0,1,46,4,Medium,Warn
345,1,1,25,4,High,Restrict
346,1,3,60,5,Critical,Ban
347,1,3,22,6,Critical,Ban
348,0,1,25,0,No,Allow
349,0,2,46,5,Low,Warn
350,0,1,50,1,No,Allow
351,0,2,16,6,Low,Warn
352,0,2,38,0,No,Allow
353,0,2,27,1,No,Allow
354,0,1,41,1,No,Allow
355,0,1,38,4,Medium,Warn
356,0,2,60,0,No,Allow
357,1,3,57,0,Medium,Warn
358,1,1,43,3,High,Restrict
359,0,2,44,6,Medium,Warn
360,0,2,55,3,Low,Allow
361,1,3,19,3,Critical,Ban
362,0,2,47,4,Low,Restrict
363,0,1,49,3,Low,Allow
364,0,2,16,2,Low,Allow
365,1,4,54,4,Critical,Ban
366,0,2,45,0,No,Allow
367,1,4,27,1,Critical,Ban
368,1,1,34,4,High,Ban
369,0,2,34,2,Medium,Warn
370,1,1,56,0,Low,Warn
371,1,4,59,0,High,Restrict
372,0,1,51,6,Low,Warn
373,0,1,43,2,Low,Allow
374,0,2,15,0,No,Allow
375,0,1,56,5,Low,Warn
376,0,2,16,3,Low,Warn
377,1,1,18,3,High,Restrict
378,0,1,13,6,Low,Allow
379,0,1,58,2,Medium,Warn
380,1,2,35,4,Critical,Restrict
381,0,2,22,5,Low,Allow
382,1,1,14,4,Critical,Ban
383,1,3,31,1,High,Restrict
384,0,2,46,4,Medium,Warn
385,0,1,60,5,Low,Allow
386,1,3,38,0,Medium,Warn
387,1,2,40,1,Medium,Restrict
388,1,3,52,4,Critical,Restrict
389,0,1,55,0,No,Allow
390,1,3,24,6,Critical,Ban
391,0,1,60,0,No,Allow
392,0,2,36,6,Low,Allow
393,0,1,57,4,Low,Allow
394,1,3,15,3,Critical,Ban
395,0,2,14,1,No,Warn
396,0,2,55,2,Medium,Restrict
397,1,3,44,5,Critical,Ban
398,0,1,18,5,Low,Allow
399,0,1,55,1,No,Allow
400,0,2,15,3,Low,Allow
401,0,1,44,6,Medium,Restrict
402,1,4,20,1,Critical,Ban
403,1,2,13,4,Critical,Ban
404,0,2,51,1,No,Allow
405,1,4,53,5,Critical,Ban
406,1,4,15,1,Critical,Restrict
407,0,1,14,2,Medium,Warn
408,1,3,41,3,Critical,Ban
409,0,1,11,2,Low,Allow
410,1,4,48,1,High,Restrict
411,1,4,56,4,Critical,Ban
412,1,2,48,0,Medium,Warn
413,0,1,21,6,Low,Allow
414,1,1,19,0,Medium,Restrict
415,0,1,44,2,Low,Warn
416,0,1,13,6,Low,Allow
417,0,1,37,1,No,Allow
418,1,1,32,0,Medium,Restrict
419,0,2,47,5,Low,Allow
420,1,1,20,0,Medium,Warn
421,1,3,48,6,Critical,Restrict
422,0,2,45,3,Low,Allow
423,0,2,22,6,Medium,Warn
424,0,1,28,1,No,Allow
425,0,1,13,0,No,Allow
426,1,4,32,6,Critical,Ban
427,0,1,23,5,Low,Allow
428,1,3,15,6,Critical,Ban
429,0,2,38,2,Medium,Restrict
430,1,1,38,2,Medium,Warn
431,1,4,14,4,Critical,Ban
432,1,3,19,3,Critical,Ban
433,1,2,14,1,High,Ban
434,1,2,44,2,High,Restrict
435,0,2,27,4,Medium,Warn
436,0,2,13,0,No,Allow
437,0,2,19,2,Low,Allow
438,0,2,59,2,Low,Warn
439,1,1,23,0,Medium,Warn
440,0,1,44,0,No,Allow
441,1,4,33,3,Critical,Restrict
442,0,1,19,0,No,Allow
443,1,3,25,2,Critical,Ban
444,0,1,10,3,Low,Allow
445,0,2,48,6,Low,Allow
446,1,4,27,0,High,Warn
447,1,2,35,3,High,Restrict
448,0,1,17,0,No,Allow
449,0,2,52,3,Medium,Restrict
450,0,2,21,3,Low,Allow
451,0,2,38,5,Low,Allow
452,1,4,54,3,Critical,Restrict
453,1,4,46,6,Critical,Ban
454,0,2,40,0,No,Allow
455,0,2,55,0,No,Allow
456,0,1,18,0,No,Allow
457,1,2,59,2,Medium,Warn
458,0,1,38,1,No,Allow
459,1,2,30,0,Medium,Warn
460,0,2,23,1,No,Allow
461,0,1,47,6,Medium,Warn
462,0,1,59,5,Low,Warn
463,1,1,45,0,Low,Allow
464,0,2,11,6,Low,Allow
465,0,1,33,1,No,Allow
466,1,3,47,2,High,Ban
467,0,2,30,2,Low,Allow
468,1,1,49,2,Medium,Restrict
469,0,2,46,5,Low,Allow
470,0,2,13,4,Low,Warn
471,0,1,38,4,Low,Warn
472,0,2,18,4,Low,Allow
473,0,1,34,5,Medium,Restrict
474,0,1,29,1,No,Allow
475,0,2,51,2,Low,Allow
476,0,1,54,0,No,Allow
477,0,2,33,4,Medium,Restrict
478,0,1,37,3,Low,Allow
479,0,2,41,4,Low,Allow
480,0,2,43,3,Low,Allow
481,0,1,42,1,No,Allow
482,0,1,49,0,No,Allow
483,0,2,60,6,Medium,Warn
484,0,1,52,2,Low,Allow
485,0,1,16,0,No,Allow
486,0,1,34,2,Low,Allow
487,0,2,33,6,Low,Allow
488,0,1,35,1,No,Allow
489,0,2,36,6,Low,Allow
490,0,1,46,3,Low,Warn
491,1,4,31,6,Critical,Ban
492,0,1,23,4,Medium,Restrict
493,1,2,33,0,Medium,Warn
494,0,1,53,3,Low,Allow
495,1,2,25,2,High,Restrict
496,0,2,11,1,No,Allow
497,0,1,59,3,Low,Allow
498,0,1,19,0,No,Allow
499,0,1,40,4,Low,Warn
500,0,1,50,5,Low,Warn
501,1,1,23,0,Medium,Warn
502,1,4,27,3,Critical,Restrict
503,1,3,24,4,Critical,Ban
504,0,2,17,0,No,Allow
505,0,1,17,2,Medium,Warn
506,1,2,19,1,High,Restrict
507,0,1,33,0,No,Allow
508,1,2,37,5,Critical,Ban
509,0,1,10,3,Low,Allow
510,0,2,53,5,Low,Allow
511,0,1,44,4,Low,Allow
512,1,4,13,6,Critical,Ban
513,0,1,52,6,Low,Allow
514,0,2,11,4,Low,Allow
515,0,2,38,2,Low,Warn
516,0,2,33,2,Medium,Warn
517,0,1,35,5,Low,Warn
518,1,3,58,2,High,Warn
519,0,2,57,3,Low,Allow
520,1,1,24,1,Medium,Warn
521,1,1,39,6,Critical,Ban
522,0,2,58,4,Medium,Restrict
523,0,2,47,2,Low,Allow
524,0,2,55,4,Medium,Warn
525,0,2,32,2,Medium,Warn
526,0,1,24,1,No,Allow
527,1,1,36,6,Critical,Ban
528,1,2,51,6,Critical,Ban
529,1,4,57,5,Critical,Restrict
530,0,2,44,2,Low,Allow
531,1,1,46,1,Medium,Warn
532,1,1,36,0,Medium,Warn
533,0,2,26,5,Low,Warn
534,0,2,31,2,Low,Allow
535,0,1,35,6,Low,Allow
536,0,2,51,6,Low,Allow
537,0,1,38,0,No,Allow
538,0,2,50,6,Low,Warn
539,0,2,11,0,No,Allow
540,1,1,48,3,Medium,Warn
541,1,4,35,3,Critical,Ban
542,0,2,60,6,Low,Allow
543,1,2,34,4,Critical,Ban
544,1,3,34,6,Critical,Ban
545,0,1,16,4,Low,Allow
546,0,2,51,5,Low,Allow
547,0,2,45,5,Low,Warn
548,0,2,53,6,Low,Allow
549,1,3,14,2,Critical,Restrict
550,0,2,20,2,Low,Allow
551,0,1,54,6,Medium,Warn
552,0,1,12,5,Low,Allow
553,0,1,35,6,Low,Allow
554,1,2,30,4,Critical,Ban
555,0,2,57,6,Low,Allow
556,0,1,53,5,Low,Allow
557,0,1,55,5,Low,Restrict
558,0,2,24,1,No,Allow
559,0,2,39,3,Medium,Warn
560,0,2,45,5,Low,Allow
561,0,1,59,5,Low,Allow
562,0,1,10,6,Medium,Restrict
563,1,2,59,2,Medium,Restrict
564,0,1,28,2,Low,Allow
565,0,2,16,6,Low,Restrict
566,1,2,41,6,Critical,Ban
567,1,1,49,1,Medium,Warn
568,0,2,16,2,Low,Allow
569,0,1,12,6,Medium,Restrict
570,0,1,55,1,No,Allow
571,0,2,57,5,Medium,Restrict
572,1,3,17,0,High,Restrict
573,0,1,56,1,No,Allow
574,1,3,56,5,Critical,Ban
575,1,1,60,4,High,Restrict
576,0,2,21,3,Low,Allow
577,1,1,39,5,High,Warn
578,0,1,60,2,Medium,Warn
579,1,1,56,3,Medium,Restrict
580,0,1,40,4,Low,Allow
581,0,1,20,5,Low,Allow
582,0,2,14,2,Low,Allow
583,0,1,23,4,Low,Allow
584,0,2,13,3,Medium,Warn
585,1,3,19,3,Critical,Ban
586,0,2,13,6,Low,Allow
587,0,1,48,2,Low,Allow
588,0,1,40,4,Low,Allow
589,0,2,36,6,Low,Allow
590,0,1,51,5,Low,Allow
591,1,1,30,6,Critical,Ban
592,0,1,30,4,Low,Allow
593,0,1,20,1,No,Allow
594,0,2,32,6,Low,Allow
595,0,2,18,4,Low,Warn
596,0,1,40,1,No,Allow
597,1,4,60,2,High,Ban
598,0,1,37,1,No,Allow
599,1,1,25,5,Critical,Restrict
600,0,2,45,0,No,Allow
601,0,2,51,5,Low,Allow
602,1,4,34,3,Critical,Ban
603,1,2,22,0,Medium,Restrict
604,1,2,46,4,High,Restrict
605,1,2,19,5,Critical,Ban
606,1,2,60,5,Critical,Ban
607,1,4,26,3,Critical,Ban
608,0,1,27,2,Low,Warn
609,1,1,47,1,Medium,Warn
610,0,1,10,0,No,Allow
611,0,1,20,2,Medium,Warn
612,1,1,16,4,Critical,Ban
613,1,4,29,0,High,Ban
614,1,1,38,6,Critical,Ban
615,0,2,19,4,Low,Warn
616,1,1,27,2,High,Ban
617,1,2,49,6,Critical,Restrict
618,0,2,57,1,No,Warn
619,0,2,10,6,Low,Warn
620,0,2,41,1,No,Allow
621,1,1,11,2,High,Ban
622,0,2,36,2,Low,Warn
623,1,4,54,6,Critical,Restrict
624,0,1,50,1,No,Allow
625,1,3,21,6,Critical,Ban
626,0,1,23,2,Low,Allow
627,1,4,49,1,High,Ban
628,0,1,51,4,Low,Allow
629,0,2,24,4,Low,Allow
630,1,2,10,2,High,Restrict
631,1,2,32,0,Medium,Warn
632,1,1,41,2,Medium,Allow
633,0,1,32,3,Low,Restrict
634,0,1,57,0,No,Allow
635,0,1,51,0,No,Allow
636,0,2,50,6,Low,Warn
637,1,1,11,0,Medium,Restrict
638,1,1,53,2,Medium,Restrict
639,1,4,48,5,Critical,Restrict
640,1,2,30,2,High,Restrict
641,1,2,40,3,High,Restrict
642,1,1,52,0,Low,Allow
643,0,2,56,5,Low,Allow
644,0,1,38,4,Low,Allow
645,0,1,12,5,Low,Warn
646,1,3,41,6,Critical,Ban
647,0,2,44,2,Low,Warn
648,0,1,13,0,No,Allow
649,1,3,51,2,High,Restrict
650,0,1,20,1,No,Warn
651,0,1,55,3,Low,Allow
652,1,4,38,1,High,Ban
653,1,4,26,6,Critical,Ban
654,0,1,12,4,Low,Allow
655,1,1,10,1,High,Restrict
656,0,1,47,6,Medium,Warn
657,1,4,29,5,Critical,Ban
658,0,2,52,3,Low,Allow
659,0,1,21,1,No,Allow
660,0,1,56,2,Low,Allow
661,0,2,58,4,Low,Allow
662,1,4,15,5,Critical,Ban
663,0,1,42,1,No,Allow
664,0,1,57,5,Low,Allow
665,0,1,26,1,No,Warn
666,1,1,13,1,Medium,Warn
667,1,1,54,3,Medium,Warn
668,1,1,34,1,Medium,Restrict
669,0,2,11,2,Low,Warn
670,0,1,52,2,Low,Restrict
671,0,1,44,1,No,Warn
672,0,2,13,5,Low,Warn
673,1,2,23,2,High,Restrict
674,1,3,10,4,Critical,Ban
675,0,2,58,5,Low,Allow
676,0,1,11,4,Low,Allow
677,1,4,50,1,High,Restrict
678,0,2,36,5,Low,Warn
679,0,2,39,1,No,Allow
680,0,1,51,1,No,Allow
681,0,1,55,6,Medium,Restrict
682,0,1,16,2,Low,Warn
683,0,2,10,4,Low,Warn
684,0,1,16,0,No,Allow
685,0,2,44,4,Low,Allow
686,0,2,38,6,Medium,Warn
687,0,2,14,4,Medium,Warn
688,1,1,21,4,High,Restrict
689,1,3,37,5,Critical,Ban
690,0,2,47,2,Low,Restrict
691,0,1,27,2,Low,Warn
692,1,3,58,0,Medium,Warn
693,0,2,60,4,Medium,Warn
694,0,2,49,5,Low,Allow
695,1,1,33,5,Critical,Ban
696,0,2,54,5,Medium,Allow
697,1,4,47,0,High,Restrict
698,0,1,36,4,Low,Allow
699,1,2,32,5,Critical,Ban
700,0,1,52,1,No,Allow
701,0,2,38,3,Low,Allow
702,0,1,19,6,Medium,Warn
703,0,2,60,2,Low,Allow
704,1,1,13,5,Critical,Ban
705,0,2,45,3,Low,Allow
706,0,1,43,4,Low,Warn
707,1,1,39,4,High,Warn
708,1,2,12,4,Critical,Restrict
709,0,2,35,5,Low,Allow
710,0,1,55,6,Low,Allow
711,1,2,22,2,High,Warn
712,1,2,45,6,Critical,Restrict
713,1,3,53,4,Critical,Ban
714,1,3,58,4,Critical,Ban
715,1,4,36,2,Critical,Ban
716,0,2,26,2,Low,Restrict
717,0,2,45,4,Low,Allow
718,0,2,34,2,Low,Allow
719,1,1,41,2,Medium,Warn
720,1,3,47,5,Critical,Restrict
721,0,2,46,2,Low,Allow
722,0,2,22,4,Low,Allow
723,0,2,48,0,No,Allow
724,1,2,37,0,Medium,Warn
725,0,1,57,5,Low,Allow
726,0,1,43,0,No,Allow
727,0,1,55,5,Low,Warn
728,0,2,59,6,Low,Warn
729,0,1,60,3,Low,Allow
730,0,2,47,6,Low,Allow
731,0,2,40,2,Low,Allow
732,0,2,16,6,Low,Restrict
733,0,2,29,1,No,Allow
734,0,1,34,2,Medium,Restrict
735,0,2,49,2,Medium,Restrict
736,1,3,40,5,Critical,Ban
737,0,1,32,0,No,Allow
738,0,1,17,5,Low,Warn
739,0,1,46,0,No,Allow
740,0,2,32,2,Low,Allow
741,0,1,11,4,Low,Allow
742,0,1,24,1,No,Allow
743,1,3,54,3,High,Ban
744,0,1,16,6,Low,Allow
745,0,2,30,5,Low,Allow
746,0,1,36,0,No,Allow
747,0,2,14,4,Low,Allow
748,0,1,18,4,Low,Allow
749,1,2,57,0,Medium,Warn
750,1,3,40,4,Critical,Ban
751,0,1,20,3,Low,Allow
752,0,1,18,4,Low,Allow
753,0,2,31,2,Low,Restrict
754,0,2,46,1,No,Allow
755,1,3,47,5,Critical,Ban
756,0,2,19,5,Low,Warn
757,0,2,47,1,No,Allow
758,1,2,55,1,Medium,Warn
759,0,1,21,4,Low,Allow
760,0,2,11,5,Low,Allow
761,1,1,58,1,Low,Allow
762,0,2,36,1,No,Warn
763,0,1,49,5,Medium,Warn
764,0,1,26,4,Medium,Warn
765,1,2,25,6,Critical,Ban
766,0,1,21,5,Medium,Warn
767,0,2,21,6,Low,Warn
768,0,1,34,1,No,Allow
769,0,1,15,1,No,Allow
770,0,1,52,1,No,Allow
771,0,1,36,0,No,Allow
772,0,2,56,5,Low,Allow
773,0,1,35,4,Low,Allow
774,1,3,25,0,High,Restrict
775,0,1,36,1,No,Allow
776,1,4,17,1,Critical,Ban
777,0,1,52,2,Low,Warn
778,0,2,46,3,Low,Allow
779,1,1,17,2,High,Ban
780,1,2,39,6,Critical,Ban
781,0,2,37,1,No,Allow
782,1,1,20,3,High,Restrict
783,0,1,16,3,Low,Restrict
784,0,2,48,2,Low,Warn
785,1,1,23,5,Critical,Ban
786,0,1,36,6,Medium,Allow
787,1,3,22,0,High,Restrict
788,0,1,43,3,Low,Allow
789,1,1,12,0,Medium,Warn
790,0,2,28,3,Low,Warn
791,0,1,37,4,Medium,Warn
792,0,2,32,2,Low,Allow
793,0,2,41,2,Low,Allow
794,0,1,19,2,Low,Allow
795,0,1,32,2,Low,Allow
796,0,1,48,2,Low,Allow
797,0,2,27,2,Low,Restrict
798,0,1,18,4,Medium,Warn
799,1,2,53,0,Medium,Warn
800,1,3,49,0,Medium,Warn
801,1,4,44,3,Critical,Ban
802,0,2,50,4,Low,Allow
803,1,3,49,1,High,Restrict
804,0,2,48,1,No,Allow
805,0,2,35,4,Low,Allow
806,0,2,10,2,Low,Allow
807,1,2,40,5,Critical,Ban
808,0,2,23,1,No,Allow
809,0,1,49,0,No,Allow
810,1,4,33,3,Critical,Ban
811,0,1,56,2,Medium,Warn
812,0,1,40,5,Medium,Restrict
813,1,2,38,3,High,Ban
814,0,2,56,2,Low,Allow
815,0,2,34,1,No,Allow
816,1,2,29,1,High,Warn
817,1,4,28,5,Critical,Ban
818,0,1,54,1,No,Allow
819,0,2,48,3,Low,Allow
820,0,2,18,5,Low,Allow
821,0,2,35,6,Low,Warn
822,0,2,28,1,No,Allow
823,0,2,42,0,No,Allow
824,1,1,12,5,Critical,Restrict
825,1,3,46,4,Critical,Ban
826,0,1,47,2,Low,Warn
827,0,1,21,4,Low,Allow
828,0,2,17,1,No,Allow
829,1,2,42,4,Critical,Ban
830,0,1,23,5,Low,Allow
831,0,1,58,2,Low,Allow
832,0,1,49,3,Low,Allow
833,0,1,58,2,Low,Restrict
834,1,3,37,0,High,Restrict
835,1,1,57,0,Low,Allow
836,0,2,10,6,Low,Allow
837,1,3,24,3,Critical,Ban
838,1,1,10,1,High,Ban
839,0,2,44,0,No,Allow
840,0,2,36,2,Low,Allow
841,0,2,24,6,Medium,Warn
842,1,4,25,2,Critical,Ban
843,0,1,42,6,Low,Warn
844,0,1,19,3,Low,Restrict
845,0,2,36,5,Medium,Warn
846,1,3,41,5,Critical,Ban
847,0,2,22,0,No,Allow
848,1,2,21,0,Medium,Warn
849,0,1,28,6,Low,Warn
850,1,1,40,6,Critical,Ban
851,0,2,22,0,No,Allow
852,0,2,29,4,Low,Allow
853,1,3,37,6,Critical,Restrict
854,1,1,19,6,Critical,Ban
855,0,1,39,2,Low,Warn
856,0,2,17,5,Medium,Warn
857,1,3,17,4,Critical,Ban
858,1,4,22,6,Critical,Ban
859,0,1,24,1,No,Allow
860,0,2,11,4,Low,Allow
861,1,3,59,0,Medium,Allow
862,1,3,25,2,Critical,Ban
863,1,1,51,0,Low,Warn
864,0,2,55,3,Medium,Warn
865,0,2,50,5,Low,Warn
866,1,4,52,4,Critical,Ban
867,1,2,15,2,High,Restrict
868,1,1,28,2,High,Ban
869,0,2,48,2,Low,Warn
870,0,2,39,5,Low,Allow
871,1,1,10,1,High,Restrict
872,0,2,38,0,No,Allow
873,1,4,51,3,Critical,Restrict
874,0,2,52,5,Medium,Restrict
875,1,2,29,3,High,Restrict
876,1,2,22,1,High,Restrict
877,0,1,25,0,No,Allow
878,0,1,25,6,Low,Allow
879,0,2,27,5,Medium,Warn
880,0,2,25,1,No,Allow
881,0,1,33,0,No,Warn
882,0,2,12,0,No,Allow
883,1,4,24,2,Critical,Ban
884,0,1,26,5,Medium,Restrict
885,0,1,17,1,No,Allow
886,0,1,54,5,Low,Warn
887,0,2,44,0,No,Allow
888,0,2,56,5,Low,Allow
889,0,1,38,1,No,Allow
890,1,4,15,6,Critical,Ban
891,0,2,56,3,Low,Allow
892,1,2,33,1,High,Restrict
893,0,1,44,1,No,Allow
894,0,1,29,5,Low,Allow
895,1,3,35,2,High,Restrict
896,1,4,34,2,Critical,Ban
897,0,2,24,5,Medium,Allow
898,0,2,38,3,Low,Allow
899,0,2,47,4,Low,Allow
900,0,2,11,3,Low,Warn
901,0,1,16,0,No,Allow
902,0,2,52,0,No,Allow
903,0,2,39,0,No,Warn
904,0,2,59,4,Low,Allow
905,1,3,40,3,Critical,Ban
906,1,1,43,5,High,Restrict
907,0,1,55,6,Medium,Warn
908,0,2,43,1,No,Allow
909,0,2,26,6,Low,Warn
910,0,2,36,6,Low,Allow
911,1,3,22,4,Critical,Ban
912,1,4,27,3,Critical,Restrict
913,1,2,44,1,Medium,Warn
914,1,4,17,1,Critical,Ban
915,1,1,44,0,Low,Warn
916,1,4,39,4,Critical,Ban
917,0,1,25,3,Low,Allow
918,0,1,12,1,No,Allow
919,0,2,45,0,No,Allow
920,0,2,52,0,No,Allow
921,0,2,47,4,Low,Allow
922,1,2,31,4,Critical,Ban
923,0,2,43,4,Medium,Warn
924,0,2,31,0,No,Allow
925,0,1,28,0,No,Allow
926,0,1,26,0,No,Allow
927,0,1,20,5,Low,Allow
928,1,2,59,5,Critical,Ban
929,0,1,43,2,Low,Warn
930,1,4,18,0,High,Warn
931,0,1,54,2,Medium,Warn
932,0,2,17,5,Low,Allow
933,0,2,40,1,No,Allow
934,1,3,18,5,Critical,Restrict
935,1,2,28,3,High,Warn
936,0,2,43,0,No,Allow
937,1,2,60,6,Critical,Restrict
938,0,2,60,3,Low,Warn
939,1,4,55,4,Critical,Ban
940,0,1,22,0,No,Allow
941,0,2,14,2,Low,Restrict
942,1,2,56,4,High,Restrict
943,0,2,57,4,Low,Allow
944,0,2,24,0,No,Allow
945,0,1,10,4,Medium,Warn
946,0,2,43,6,Low,Warn
947,1,2,13,5,Critical,Ban
948,1,2,12,1,High,Restrict
949,1,2,57,6,Critical,Ban
950,0,1,35,4,Low,Allow
951,0,1,15,0,No,Allow
952,0,1,43,0,No,Allow
953,0,2,28,6,Low,Warn
954,0,1,37,1,No,Allow
955,1,2,55,0,Medium,Warn
956,1,4,22,3,Critical,Ban
957,1,1,42,3,High,Warn
958,0,1,52,4,Low,Allow
959,0,2,31,4,Low,Allow
960,0,2,59,6,Low,Allow
961,0,1,32,5,Low,Restrict
962,0,2,33,0,No,Allow
963,0,2,55,0,No,Allow
964,0,1,42,0,No,Allow
965,1,1,54,2,Medium,Restrict
966,0,1,50,2,Low,Allow
967,1,4,46,6,Critical,Ban
968,0,1,22,2,Low,Warn
969,0,1,30,0,No,Allow
970,0,2,54,6,Medium,Warn
971,0,2,41,1,No,Allow
972,0,1,24,6,Low,Allow
973,0,2,26,5,Low,Allow
974,1,3,49,6,Critical,Ban
975,0,2,19,5,Low,Restrict
976,0,2,15,1,No,Allow
977,0,2,49,4,Low,Warn
978,0,1,24,2,Medium,Restrict
979,0,2,49,4,Low,Allow
980,0,2,37,5,Low,Allow
981,1,2,60,3,High,Restrict
982,1,3,36,2,High,Restrict
983,1,4,54,6,Critical,Ban
984,0,1,53,4,Medium,Restrict
985,0,1,20,6,Medium,Restrict
986,1,4,60,1,High,Restrict
987,0,2,48,5,Low,Warn
988,0,2,15,2,Low,Allow
989,0,2,10,3,Low,Allow
990,1,1,23,6,Critical,Ban
991,0,2,10,2,Low,Allow
992,1,4,28,1,Critical,Ban
993,1,1,60,6,High,Warn
994,0,2,34,6,Low,Warn
995,1,3,11,2,Critical,Restrict
996,0,1,35,2,Low,Warn
997,0,2,21,1,No,Allow
998,0,2,53,0,No,Allow
999,1,2,14,3,Critical,Ban
1000,0,1,49,1,No,Allow
1001,0,1,32,5,Medium,Warn
1002,0,1,10,1,No,Allow
1003,0,2,44,4,Low,Warn
1004,0,2,33,3,Low,Allow
1005,0,2,49,4,Medium,Warn
1006,0,2,41,0,No,Allow
1007,1,3,50,3,High,Restrict
1008,0,2,33,4,Low,Allow
1009,1,4,10,2,Critical,Ban
1010,0,1,16,6,Low,Warn
1011,1,1,33,3,High,Restrict
1012,0,1,30,2,Medium,Warn
1013,0,2,50,0,No,Allow
1014,1,2,30,1,High,Restrict
1015,0,2,53,3,Low,Allow
1016,0,2,19,2,Low,Allow
1017,1,3,29,6,Critical,Ban
1018,1,3,48,5,Critical,Restrict
1019,0,2,16,1,No,Warn
1020,0,2,26,4,Low,Allow
1021,1,3,48,3,High,Warn
1022,1,4,40,0,High,Ban
1023,1,3,49,4,Critical,Ban
1024,0,1,36,3,Low,Warn
1025,1,1,53,0,Low,Allow
1026,0,1,54,3,Low,Warn
1027,1,1,59,5,High,Restrict
1028,0,1,16,2,Low,Allow
1029,1,2,40,2,High,Ban
1030,0,1,15,0,No,Warn
1031,0,1,21,1,No,Allow
1032,1,4,25,6,Critical,Ban
1033,0,1,42,4,Low,Allow
1034,1,3,31,1,High,Restrict
1035,0,1,54,3,Low,Warn
1036,0,1,25,1,No,Allow
1037,0,2,41,3,Low,Warn
1038,0,2,48,1,No,Allow
1039,0,2,59,4,Low,Allow
1040,0,1,22,3,Low,Allow
1041,0,1,47,4,Low,Allow
1042,1,3,14,3,Critical,Ban
1043,1,3,37,2,High,Restrict
1044,1,4,31,1,Critical,Ban
1045,0,2,58,1,No,Allow
1046,0,1,49,3,Low,Allow
1047,0,2,57,3,Low,Allow
1048,1,2,53,4,High,Restrict
1049,1,4,30,0,High,Restrict
1050,0,2,47,1,No,Allow
1051,1,4,11,5,Critical,Restrict
1052,0,1,38,6,Low,Warn
1053,0,2,12,6,Low,Allow
1054,0,2,46,2,Medium,Warn
1055,0,1,59,0,No,Allow
1056,1,1,44,1,Medium,Allow
1057,1,2,52,0,Medium,Warn
1058,0,2,21,6,Low,Allow
1059,0,1,60,6,Low,Allow
1060,1,2,38,5,Critical,Ban
1061,1,2,44,5,Critical,Restrict
1062,0,2,49,2,Low,Allow
1063,0,2,42,3,Low,Warn
1064,0,2,26,5,Medium,Warn
1065,0,2,41,5,Low,Warn
1066,1,2,43,3,High,Warn
1067,0,2,53,5,Medium,Warn
1068,1,1,34,2,Medium,Warn
1069,0,1,35,2,Low,Allow
1070,0,2,35,5,Medium,Warn
1071,1,2,15,2,High,Ban
1072,0,2,14,5,Medium,Allow
1073,0,1,11,3,Low,Warn
1074,1,1,43,2,Medium,Warn
1075,1,3,31,1,High,Restrict
1076,0,1,54,4,Low,Restrict
1077,0,1,45,3,Medium,Warn
1078,0,1,17,2,Low,Allow
1079,0,2,15,5,Low,Warn
1080,0,2,28,0,No,Allow
1081,0,1,56,0,No,Allow
1082,1,4,12,6,Critical,Ban
1083,1,3,19,4,Critical,Ban
1084,1,3,11,3,Critical,Ban
1085,1,3,31,0,High,Warn
1086,1,4,60,4,Critical,Ban
1087,1,2,44,3,High,Restrict
1088,1,1,35,4,High,Restrict
1089,0,1,17,0,No,Allow
1090,0,2,28,3,Medium,Restrict
1091,0,2,36,4,Low,Warn
1092,0,1,24,2,Low,Warn
1093,0,1,45,0,No,Allow
1094,0,2,59,6,Low,Restrict
1095,0,1,20,4,Medium,Warn
1096,0,1,22,4,Low,Warn
1097,0,2,16,5,Medium,Restrict
1098,1,1,47,4,High,Restrict
1099,1,1,33,0,Medium,Warn
1100,0,1,24,3,Medium,Restrict
1101,0,2,21,6,Low,Warn
1102,0,2,13,2,Low,Allow
1103,1,3,34,6,Critical,Restrict
1104,1,3,44,0,Medium,Warn
1105,0,1,21,2,Low,Warn
1106,1,2,10,2,High,Ban
1107,0,2,34,4,Low,Warn
1108,0,2,44,1,No,Allow
1109,1,2,27,1,High,Restrict
1110,0,1,22,4,Low,Allow
1111,0,2,17,1,No,Allow
1112,0,2,48,6,Medium,Warn
1113,0,2,53,6,Medium,Warn
1114,1,2,49,2,High,Ban
1115,1,3,36,3,Critical,Restrict
1116,0,1,46,2,Low,Allow
1117,0,1,30,2,Low,Allow
1118,1,3,11,4,Critical,Restrict
1119,0,2,28,2,Low,Allow
1120,1,3,45,1,High,Restrict
1121,1,3,43,1,High,Warn
1122,0,2,60,6,Low,Warn
1123,1,3,60,1,Medium,Restrict
1124,0,2,22,2,Low,Allow
1125,0,1,10,4,Low,Allow
1126,0,2,23,0,No,Allow
1127,0,1,54,1,No,Allow
1128,1,1,51,1,Medium,Warn
1129,1,2,15,6,Critical,Ban
1130,1,4,18,6,Critical,Ban
1131,1,2,38,5,Critical,Ban
1132,0,1,43,1,No,Allow
1133,0,1,60,4,Low,Warn
1134,1,4,48,4,Critical,Ban
1135,1,1,20,6,Critical,Ban
1136,0,1,11,1,No,Allow
1137,0,1,42,5,Medium,Restrict
1138,0,2,38,1,No,Allow
1139,0,1,57,3,Low,Allow
1140,1,2,39,6,Critical,Ban
1141,0,1,35,0,No,Allow
1142,1,4,25,1,Critical,Ban
1143,1,4,14,5,Critical,Ban
1144,1,1,54,0,Low,Restrict
1145,0,2,52,4,Low,Warn
1146,0,2,18,3,Low,Allow
1147,1,4,45,2,Critical,Ban
1148,1,2,28,6,Critical,Ban
1149,0,1,32,5,Medium,Allow
1150,1,2,53,2,Medium,Allow
1151,0,1,52,0,No,Warn
1152,1,2,19,0,Medium,Restrict
1153,0,1,25,0,No,Allow
1154,0,2,51,6,Medium,Warn
1155,0,2,56,4,Medium,Warn
1156,0,2,14,4,Low,Allow
1157,0,2,52,1,No,Allow
1158,0,1,34,5,Low,Allow
1159,0,1,40,5,Low,Allow
1160,1,1,13,5,Critical,Ban
1161,0,1,44,3,Low,Allow
1162,1,4,44,4,Critical,Restrict
1163,1,3,43,3,Critical,Ban
1164,0,2,50,2,Low,Allow
1165,0,1,58,4,Low,Allow
1166,1,2,53,2,Medium,Restrict
1167,1,3,47,6,Critical,Ban
1168,0,1,60,5,Low,Allow
1169,1,2,44,5,Critical,Ban
1170,0,1,44,5,Low,Warn
1171,0,2,37,3,Low,Warn
1172,1,4,49,6,Critical,Ban
1173,0,2,13,1,No,Allow
1174,1,2,35,3,High,Restrict
1175,0,1,31,0,No,Allow
1176,1,2,56,2,Medium,Warn
1177,0,1,13,4,Medium,Restrict
1178,0,1,42,3,Low,Allow
1179,0,1,19,6,Medium,Warn
1180,0,1,55,4,Low,Warn
1181,1,2,53,2,Medium,Warn
1182,0,2,22,2,Low,Allow
1183,0,2,54,4,Low,Allow
1184,0,2,35,5,Low,Allow
1185,0,2,59,1,No,Allow
1186,1,4,47,4,Critical,Ban
1187,0,2,11,4,Medium,Warn
1188,1,1,20,0,Medium,Restrict
1189,0,2,30,6,Low,Allow
1190,1,1,20,3,High,Restrict
1191,0,2,16,1,No,Allow
1192,0,2,59,4,Low,Warn
1193,1,3,54,4,Critical,Restrict
1194,1,4,32,6,Critical,Ban
1195,1,3,20,0,High,Restrict
1196,0,1,19,2,Low,Allow
1197,0,2,56,1,No,Allow
1198,1,4,26,4,Critical,Restrict
1199,0,2,10,3,Medium,Warn
1200,1,2,30,3,High,Warn
1201,0,1,33,6,Medium,Warn
1202,0,1,41,3,Medium,Warn
1203,1,2,27,2,High,Restrict
1204,1,1,57,0,Low,Allow
1205,0,2,42,2,Low,Allow
1206,0,1,60,6,Medium,Warn
1207,0,2,28,3,Low,Allow
1208,0,2,43,6,Low,Warn
1209,0,1,28,3,Low,Restrict
1210,0,1,45,3,Low,Allow
1211,1,4,48,3,Critical,Ban
1212,1,1,26,3,High,Restrict
1213,0,1,57,0,No,Warn
1214,0,2,53,0,No,Allow
1215,0,2,55,3,Low,Allow
1216,0,1,21,4,Medium,Warn
1217,0,2,46,3,Low,Warn
1218,0,2,15,3,Low,Allow
1219,1,2,15,2,High,Restrict
1220,0,1,59,4,Low,Restrict
1221,0,1,17,4,Low,Warn
1222,0,2,54,0,No,Allow
1223,1,2,31,3,High,Restrict
1224,0,2,25,4,Low,Allow
1225,0,2,13,5,Low,Allow
1226,1,3,44,2,High,Ban
1227,0,1,46,6,Low,Allow
1228,0,2,33,4,Medium,Warn
1229,1,4,51,3,Critical,Ban
1230,0,1,26,4,Low,Warn
1231,0,1,38,6,Low,Allow
1232,0,1,24,1,No,Allow
1233,0,1,39,1,No,Allow
1234,1,2,16,3,Critical,Ban
1235,0,1,34,0,No,Allow
1236,0,2,38,5,Medium,Warn
1237,0,2,38,6,Low,Allow
1238,0,2,32,4,Low,Allow
1239,0,2,42,6,Low,Allow
1240,0,2,36,0,No,Allow
1241,1,3,24,4,Critical,Ban
1242,0,2,20,3,Medium,Warn
1243,0,2,43,1,No,Allow
1244,0,2,57,2,Low,Allow
1245,0,1,48,3,Low,Restrict
1246,0,1,42,4,Low,Warn
1247,0,2,56,1,No,Allow
1248,0,2,55,4,Medium,Warn
1249,1,2,35,6,Critical,Restrict
1250,1,3,15,0,High,Ban
1251,0,1,42,6,Low,Warn
1252,0,1,41,4,Low,Allow
1253,0,2,24,2,Low,Warn
1254,0,2,53,5,Low,Allow
1255,0,1,54,4,Medium,Warn
1256,1,3,26,5,Critical,Ban
1257,1,4,34,0,High,Restrict
1258,1,3,19,0,High,Restrict
1259,0,2,19,4,Low,Allow
1260,1,1,23,2,High,Restrict
1261,0,2,28,1,No,Allow
1262,0,1,23,2,Low,Allow
1263,0,2,17,5,Medium,Warn
1264,1,4,32,1,Critical,Ban
1265,0,2,41,6,Low,Warn
1266,1,3,26,2,Critical,Ban
1267,0,2,37,1,No,Allow
1268,1,2,23,0,Medium,Restrict
1269,0,2,45,6,Low,Allow
1270,0,2,43,0,No,Allow
1271,1,2,58,2,Medium,Warn
1272,0,1,12,4,Low,Warn
1273,0,1,53,3,Low,Allow
1274,0,1,27,1,No,Allow
1275,0,2,13,0,No,Allow
1276,0,1,45,4,Low,Allow
1277,0,1,18,3,Low,Allow
1278,0,2,18,0,No,Allow
1279,1,3,59,1,Medium,Warn
1280,0,1,21,3,Low,Allow
1281,0,2,37,1,No,Allow
1282,0,2,20,2,Medium,Allow
1283,0,2,16,0,No,Allow
1284,0,2,10,5,Low,Allow
1285,1,1,10,4,Critical,Ban
1286,1,4,34,5,Critical,Ban
1287,0,1,32,0,No,Allow
1288,0,2,11,2,Low,Allow
1289,0,1,27,1,No,Allow
1290,0,1,23,4,Low,Allow
1291,0,2,39,5,Medium,Warn
1292,1,4,60,1,High,Restrict
1293,0,1,45,5,Low,Warn
1294,0,2,56,4,Low,Allow
1295,0,2,19,5,Medium,Warn
1296,0,2,20,0,No,Allow
1297,0,1,48,6,Low,Warn
1298,0,2,25,3,Low,Restrict
1299,1,2,53,1,Medium,Warn
1300,0,2,33,1,No,Allow
1301,0,1,20,6,Medium,Warn
1302,0,2,53,6,Low,Restrict
1303,1,4,38,0,High,Restrict
1304,0,1,50,3,Low,Warn
1305,1,4,33,5,Critical,Restrict
1306,1,2,16,4,Critical,Restrict
1307,0,1,44,1,No,Allow
1308,1,1,16,2,High,Restrict
1309,0,1,43,2,Medium,Warn
1310,1,2,31,2,High,Ban
1311,0,2,50,6,Low,Warn
1312,1,1,54,1,Medium,Warn
1313,0,1,30,4,Medium,Warn
1314,0,1,54,6,Low,Allow
1315,0,1,15,5,Low,Warn
1316,1,2,15,5,Critical,Ban
1317,0,2,60,1,No,Allow
1318,0,1,39,0,No,Allow
1319,1,3,32,5,Critical,Ban
1320,1,1,17,5,Critical,Ban
1321,0,1,24,5,Low,Allow
1322,0,2,44,2,Low,Allow
1323,0,2,51,3,Low,Allow
1324,1,4,56,0,High,Restrict
1325,0,2,30,2,Low,Allow
1326,1,4,33,3,Critical,Ban
1327,0,2,18,0,No,Allow
1328,0,1,14,0,No,Allow
1329,0,1,32,0,No,Allow
1330,0,1,39,1,No,Allow
1331,1,2,15,6,Critical,Restrict
1332,0,2,30,4,Low,Allow
1333,0,1,42,6,Medium,Warn
1334,1,1,51,1,Medium,Restrict
1335,1,2,57,4,High,Ban
1336,1,1,27,6,Critical,Ban
1337,0,2,29,2,Low,Allow
1338,0,2,54,4,Medium,Warn
1339,1,1,45,4,High,Restrict
1340,0,1,23,5,Low,Warn
1341,0,1,44,6,Low,Warn
1342,1,2,18,4,Critical,Ban
1343,0,2,32,4,Medium,Warn
1344,0,1,25,6,Low,Allow
1345,1,3,60,4,Critical,Ban
1346,0,1,11,2,Low,Allow
1347,0,1,53,4,Low,Warn
1348,0,1,24,3,Medium,Allow
1349,0,1,11,1,No,Allow
1350,0,2,43,3,Low,Allow
1351,1,4,44,4,Critical,Restrict
1352,1,4,17,6,Critical,Restrict
1353,0,1,11,4,Medium,Restrict
1354,0,1,15,1,No,Allow
1355,1,4,30,6,Critical,Restrict
1356,0,2,16,4,Medium,Restrict
1357,0,2,45,2,Medium,Warn
1358,0,2,13,5,Medium,Warn
1359,1,4,50,2,Critical,Restrict
1360,0,1,54,2,Low,Allow
1361,1,1,46,5,High,Restrict
1362,0,2,58,6,Low,Allow
1363,0,2,57,3,Medium,Warn
1364,0,2,12,2,Medium,Warn
1365,0,1,27,6,Low,Warn
1366,0,1,48,1,No,Allow
1367,0,1,27,5,Low,Warn
1368,0,2,47,4,Medium,Warn
1369,0,2,49,5,Medium,Restrict
1370,0,1,60,2,Low,Allow
1371,0,2,26,5,Low,Allow
1372,1,1,27,0,Medium,Restrict
1373,0,1,11,5,Low,Allow
1374,1,2,24,0,Medium,Restrict
1375,1,2,24,4,Critical,Ban
1376,0,2,33,1,No,Allow
1377,1,3,31,6,Critical,Restrict
1378,1,3,53,5,Critical,Ban
1379,0,1,49,0,No,Allow
1380,0,2,47,6,Low,Allow
1381,0,1,10,1,No,Allow
1382,0,2,34,3,Medium,Warn
1383,0,1,47,0,No,Allow
1384,1,3,22,0,High,Restrict
1385,1,3,31,1,High,Restrict
1386,0,2,47,3,Low,Allow
1387,1,4,50,3,Critical,Restrict
1388,0,2,53,5,Low,Allow
1389,1,1,31,1,Medium,Warn
1390,0,2,30,5,Medium,Warn
1391,1,4,29,0,High,Restrict
1392,1,2,44,2,High,Ban
1393,0,2,31,1,No,Allow
1394,0,2,30,0,No,Allow
1395,1,3,18,4,Critical,Ban
1396,0,1,34,6,Low,Restrict
1397,0,2,22,4,Low,Warn
1398,1,1,36,5,Critical,Ban
1399,0,2,55,4,Low,Warn
1400,0,2,49,0,No,Allow
1401,0,2,34,2,Medium,Warn
1402,0,2,59,5,Low,Allow
1403,1,1,59,0,Low,Warn
1404,0,2,32,0,No,Allow
1405,0,1,48,5,Low,Allow
1406,0,1,27,0,No,Allow
1407,1,4,54,6,Critical,Ban
1408,0,2,29,5,Medium,Warn
1409,1,3,23,4,Critical,Ban
1410,1,1,16,3,High,Restrict
1411,1,1,52,0,Low,Allow
1412,1,1,25,2,High,Warn
1413,1,3,51,5,Critical,Ban
1414,1,2,14,6,Critical,Ban
1415,0,1,35,3,Low,Allow
1416,1,3,31,5,Critical,Restrict
1417,0,1,32,5,Low,Allow
1418,0,1,18,0,No,Allow
1419,1,4,13,4,Critical,Restrict
1420,1,3,27,4,Critical,Restrict
1421,1,3,33,3,Critical,Ban
1422,0,2,50,5,Low,Allow
1423,0,1,33,6,Low,Allow
1424,0,1,22,3,Medium,Allow
1425,0,1,23,2,Low,Allow
1426,0,1,41,6,Low,Allow
1427,0,2,32,6,Low,Allow
1428,0,1,55,4,Medium,Warn
1429,1,4,32,4,Critical,Restrict
1430,0,2,38,0,No,Allow
1431,1,4,13,2,Critical,Ban
1432,0,1,19,1,No,Allow
1433,0,1,53,3,Medium,Warn
1434,0,2,27,5,Low,Warn
1435,0,2,31,1,No,Allow
1436,1,4,40,6,Critical,Ban
1437,0,1,12,0,No,Allow
1438,0,1,35,0,No,Allow
1439,1,3,27,6,Critical,Restrict
1440,1,2,17,0,Medium,Restrict
1441,0,2,31,5,Low,Allow
1442,0,2,32,5,Low,Warn
1443,0,2,19,2,Low,Allow
1444,0,2,37,0,No,Allow
1445,0,1,48,2,Low,Allow
1446,0,1,23,0,No,Allow
1447,1,1,59,4,High,Ban
1448,0,1,41,6,Low,Allow
1449,0,1,49,6,Low,Allow
1450,0,1,13,5,Medium,Warn
1451,1,4,49,5,Critical,Ban
1452,0,2,27,6,Low,Allow
1453,1,4,46,5,Critical,Ban
1454,1,4,51,4,Critical,Ban
1455,0,1,22,6,Medium,Restrict
1456,0,1,23,2,Medium,Warn
1457,0,1,13,2,Low,Allow
1458,0,1,40,6,Low,Warn
1459,1,1,49,2,Medium,Warn
1460,0,2,30,2,Low,Allow
1461,1,3,18,1,High,Restrict
1462,0,1,26,1,No,Allow
1463,0,2,30,4,Low,Allow
1464,0,1,56,6,Low,Allow
1465,1,2,16,0,Medium,Restrict
1466,1,3,27,4,Critical,Ban
1467,0,1,42,5,Low,Allow
1468,0,1,22,6,Low,Warn
1469,1,4,55,5,Critical,Ban
1470,0,1,56,1,No,Warn
1471,1,3,29,3,Critical,Restrict
1472,0,1,48,6,Low,Allow
1473,0,2,48,6,Low,Allow
1474,0,1,44,4,Low,Allow
1475,0,1,19,6,Low,Allow
1476,0,2,12,4,Low,Warn
1477,0,1,27,0,No,Warn
1478,1,4,16,6,Critical,Ban
1479,0,1,24,1,No,Allow
1480,0,2,42,2,Medium,Restrict
1481,0,2,40,1,No,Allow
1482,0,1,20,5,Low,Allow
1483,0,1,10,0,No,Allow
1484,0,2,21,4,Low,Allow
1485,0,2,33,6,Low,Allow
1486,0,1,49,5,Low,Warn
1487,1,4,28,2,Critical,Ban
1488,0,2,24,6,Low,Allow
1489,1,1,38,2,Medium,Allow
1490,0,1,13,4,Low,Allow
1491,0,1,21,3,Low,Warn
1492,1,3,11,0,High,Ban
1493,0,1,36,0,No,Allow
1494,1,2,32,1,High,Restrict
1495,0,2,39,6,Medium,Allow
1496,0,1,41,6,Low,Allow
1497,1,4,30,2,Critical,Ban
1498,0,1,54,6,Low,Allow
1499,0,2,56,0,No,Allow
1500,1,1,15,6,Critical,Restrict
1501,1,4,56,1,High,Restrict
1502,1,1,20,0,Medium,Warn
1503,0,1,22,5,Low,Allow
1504,0,2,37,2,Low,Allow
1505,1,4,11,2,Critical,Ban
1506,0,2,28,5,Medium,Warn
1507,1,1,19,2,High,Warn
1508,0,1,34,5,Low,Allow
1509,0,2,51,1,No,Allow
1510,1,2,57,0,Medium,Warn
1511,0,1,20,2,Medium,Warn
1512,0,2,37,4,Low,Warn
1513,0,2,34,1,No,Allow
1514,1,2,31,1,High,Ban
1515,1,2,42,5,Critical,Ban
1516,0,2,60,3,Medium,Warn
1517,0,2,30,3,Low,Warn
1518,1,4,13,1,Critical,Ban
1519,0,2,56,0,No,Allow
1520,0,2,57,0,No,Allow
1521,0,1,26,4,Low,Allow
1522,0,2,35,0,No,Allow
1523,1,2,53,1,Medium,Restrict
1524,1,2,35,6,Critical,Restrict
1525,1,2,34,2,High,Restrict
1526,0,1,57,5,Medium,Warn
1527,0,2,52,2,Low,Allow
1528,0,1,35,6,Low,Restrict
1529,0,1,18,5,Medium,Warn
1530,0,1,32,3,Medium,Warn
1531,0,2,44,4,Low,Allow
1532,0,2,23,2,Low,Allow
1533,0,2,37,6,Low,Allow
1534,1,3,43,2,High,Ban
1535,0,1,14,5,Medium,Restrict
1536,0,2,39,4,Low,Warn
1537,1,1,47,4,High,Restrict
1538,1,3,20,2,Critical,Ban
1539,1,2,37,5,Critical,Ban
1540,0,2,46,5,Low,Allow
1541,1,3,12,5,Critical,Restrict
1542,0,1,42,5,Medium,Restrict
1543,0,1,23,1,No,Warn
1544,0,2,30,6,Medium,Warn
1545,0,1,43,5,Low,Allow
1546,0,2,10,1,No,Allow
1547,0,1,10,6,Low,Restrict
1548,1,4,32,3,Critical,Ban
1549,0,1,58,2,Low,Allow
1550,0,2,10,1,No,Allow
1551,0,2,50,2,Low,Warn
1552,0,1,13,0,No,Allow
1553,0,2,34,4,Low,Allow
1554,0,2,31,4,Low,Allow
1555,0,2,33,4,Low,Allow
1556,1,1,14,3,High,Restrict
1557,1,4,48,2,Critical,Restrict
1558,0,1,24,5,Low,Allow
1559,0,2,49,6,Low,Warn
1560,1,4,43,0,High,Restrict
1561,1,3,38,2,High,Restrict
1562,0,1,25,6,Low,Allow
1563,1,2,43,6,Critical,Ban
1564,1,4,60,6,Critical,Ban
1565,1,2,57,1,Medium,Warn
1566,0,2,56,3,Low,Warn
1567,0,1,21,0,No,Allow
1568,0,1,39,6,Low,Allow
1569,0,1,30,3,Low,Allow
1570,0,1,59,1,No,Allow
1571,0,2,58,0,No,Allow
1572,0,2,54,5,Low,Restrict
1573,0,1,18,5,Medium,Warn
1574,1,4,26,6,Critical,Ban
1575,0,2,46,6,Low,Allow
1576,0,2,48,5,Low,Warn
1577,1,4,27,5,Critical,Restrict
1578,1,2,16,5,Critical,Ban
1579,1,3,16,6,Critical,Ban
1580,1,3,44,3,Critical,Ban
1581,1,1,33,5,Critical,Ban
1582,0,2,35,5,Low,Warn
1583,0,2,51,0,No,Allow
1584,0,1,10,4,Low,Warn
1585,0,1,48,2,Low,Warn
1586,1,1,23,0,Medium,Warn
1587,0,1,57,1,No,Allow
1588,0,2,58,0,No,Allow
1589,0,2,35,6,Low,Allow
1590,0,2,26,5,Low,Warn
1591,0,1,21,0,No,Allow
1592,0,2,19,4,Low,Allow
1593,1,3,60,4,Critical,Ban
1594,0,2,19,3,Low,Allow
1595,1,2,32,4,Critical,Ban
1596,1,4,34,6,Critical,Ban
1597,0,2,44,3,Medium,Warn
1598,0,2,52,4,Low,Allow
1599,1,1,38,3,High,Restrict
1600,0,2,48,2,Low,Warn
1601,1,1,38,6,Critical,Restrict
1602,0,2,32,2,Medium,Warn
1603,1,2,18,5,Critical,Ban
1604,1,1,20,4,High,Ban
1605,0,2,32,4,Low,Allow
1606,0,1,12,5,Medium,Warn
1607,1,3,26,5,Critical,Ban
1608,0,2,33,3,Medium,Warn
1609,0,2,34,4,Low,Allow
1610,0,1,51,3,Medium,Warn
1611,0,1,59,2,Low,Allow
1612,1,1,47,5,High,Restrict
1613,1,2,14,6,Critical,Ban
1614,0,1,30,4,Low,Allow
1615,1,4,47,5,Critical,Ban
1616,0,2,40,5,Low,Allow
1617,0,2,33,2,Low,Warn
1618,0,1,32,0,No,Allow
1619,1,2,30,2,High,Restrict
1620,0,1,39,5,Low,Allow
1621,0,1,19,5,Low,Allow
1622,0,1,36,3,Low,Allow
1623,1,4,20,5,Critical,Restrict
1624,0,2,44,0,No,Allow
1625,0,1,54,4,Low,Allow
1626,1,3,35,4,Critical,Ban
1627,0,1,29,3,Low,Allow
1628,0,1,57,5,Low,Allow
1629,0,1,43,3,Low,Allow
1630,0,1,31,3,Low,Restrict
1631,0,1,11,4,Low,Allow
1632,1,2,10,5,Critical,Ban
1633,0,2,21,1,No,Allow
1634,1,2,22,2,High,Ban
1635,1,1,46,2,Medium,Allow
1636,0,2,35,1,No,Allow
1637,0,1,60,2,Low,Warn
1638,1,3,37,2,High,Warn
1639,0,1,56,2,Low,Warn
1640,1,4,38,2,Critical,Ban
1641,1,3,28,3,Critical,Ban
1642,0,1,46,4,Low,Allow
1643,0,2,32,2,Medium,Allow
1644,0,2,24,5,Medium,Warn
1645,0,2,34,3,Low,Allow
1646,0,1,43,5,Medium,Restrict
1647,0,2,29,0,No,Warn
1648,1,1,45,1,Medium,Warn
1649,1,3,60,3,High,Restrict
1650,1,3,30,2,High,Ban
1651,0,2,25,3,Low,Restrict
1652,0,2,30,1,No,Allow
1653,0,1,52,3,Low,Allow
1654,0,1,19,4,Medium,Restrict
1655,1,1,59,5,High,Ban
1656,0,1,31,1,No,Allow
1657,0,2,52,2,Low,Warn
1658,1,4,50,3,Critical,Restrict
1659,0,2,49,3,Low,Warn
1660,0,2,56,5,Low,Allow
1661,0,1,19,2,Low,Warn
1662,0,1,40,4,Low,Allow
1663,1,2,15,6,Critical,Ban
1664,0,1,25,2,Low,Warn
1665,1,4,12,5,Critical,Restrict
1666,1,2,44,2,High,Restrict
1667,1,3,40,2,High,Restrict
1668,0,2,47,4,Medium,Warn
1669,0,2,18,4,Low,Restrict
1670,1,2,26,3,High,Warn
1671,0,1,44,1,No,Allow
1672,0,2,52,0,No,Allow
1673,1,3,55,6,Critical,Restrict
1674,0,2,13,6,Low,Warn
1675,1,4,30,6,Critical,Restrict
1676,1,1,10,3,High,Ban
1677,1,4,51,6,Critical,Ban
1678,0,1,16,3,Low,Allow
1679,1,2,51,0,Medium,Warn
1680,0,1,17,1,No,Allow
1681,1,2,10,1,High,Restrict
1682,1,3,54,2,High,Ban
1683,1,4,32,6,Critical,Ban
1684,0,1,31,2,Low,Allow
1685,0,2,42,4,Low,Warn
1686,0,1,24,1,No,Allow
1687,0,2,45,4,Low,Warn
1688,0,1,31,3,Low,Allow
1689,0,2,23,1,No,Allow
1690,0,1,30,3,Low,Warn
1691,1,4,10,0,Critical,Restrict
1692,1,3,25,6,Critical,Restrict
1693,0,2,40,4,Low,Warn
1694,1,3,17,6,Critical,Ban
1695,1,3,16,6,Critical,Ban
1696,0,1,43,1,No,Allow
1697,0,1,31,4,Low,Warn
1698,1,1,16,0,Medium,Restrict
1699,1,1,48,6,Critical,Ban
1700,1,2,49,5,Critical,Ban
1701,1,3,11,4,Critical,Restrict
1702,1,2,20,6,Critical,Ban
1703,0,1,28,5,Low,Allow
1704,0,1,47,6,Low,Allow
1705,0,1,13,0,No,Allow
1706,1,2,51,0,Medium,Restrict
1707,0,1,26,6,Low,Allow
1708,0,1,16,1,No,Allow
1709,1,2,54,2,Medium,Allow
1710,0,2,14,0,No,Allow
1711,1,2,16,4,Critical,Ban
1712,0,2,58,5,Low,Allow
1713,1,2,36,5,Critical,Restrict
1714,1,4,33,4,Critical,Ban
1715,0,2,45,4,Low,Warn
1716,1,2,42,3,High,Restrict
1717,0,1,41,3,Low,Allow
1718,0,2,11,3,Low,Allow
1719,1,2,38,6,Critical,Restrict
1720,1,1,24,1,Medium,Warn
1721,0,2,51,3,Low,Warn
1722,0,1,35,4,Medium,Restrict
1723,1,4,16,3,Critical,Ban
1724,0,2,55,0,No,Allow
1725,0,1,24,2,Low,Allow
1726,0,1,23,4,Low,Warn
1727,0,2,57,4,Low,Allow
1728,1,2,49,5,Critical,Ban
1729,0,1,53,6,Medium,Warn
1730,0,1,43,4,Low,Allow
1731,1,3,56,4,Critical,Ban
1732,0,1,15,2,Low,Restrict
1733,1,2,40,2,High,Restrict
1734,0,1,24,5,Low,Warn
1735,1,1,30,3,High,Restrict
1736,1,2,22,5,Critical,Ban
1737,1,1,20,0,Medium,Restrict
1738,0,2,32,0,No,Allow
1739,0,1,56,1,No,Allow
1740,1,2,42,1,Medium,Restrict
1741,0,2,27,4,Low,Warn
1742,0,2,32,4,Low,Warn
1743,0,2,37,3,Low,Allow
1744,1,1,22,2,High,Warn
1745,1,1,36,4,High,Restrict
1746,0,1,45,0,No,Allow
1747,1,4,22,3,Critical,Restrict
1748,0,1,39,1,No,Allow
1749,0,2,46,0,No,Allow
1750,0,1,36,1,No,Allow
1751,0,2,24,0,No,Allow
1752,0,1,38,3,Low,Warn
1753,1,1,50,3,Medium,Restrict
1754,1,1,21,4,High,Ban
1755,0,1,39,3,Medium,Restrict
1756,0,1,44,1,No,Allow
1757,0,1,26,0,No,Warn
1758,1,1,29,4,High,Restrict
1759,1,4,55,6,Critical,Ban
1760,1,2,28,1,High,Restrict
1761,0,1,40,1,No,Allow
1762,0,1,17,2,Low,Allow
1763,0,1,57,1,No,Allow
1764,0,1,40,1,No,Allow
1765,0,1,48,3,Low,Warn
1766,0,2,40,5,Low,Allow
1767,1,4,28,4,Critical,Ban
1768,0,1,27,6,Low,Allow
1769,0,1,45,2,Low,Allow
1770,1,4,53,3,Critical,Restrict
1771,0,1,16,2,Low,Allow
1772,1,1,53,0,Low,Warn
1773,0,1,52,2,Low,Allow
1774,1,4,15,1,Critical,Ban
1775,0,1,15,3,Low,Allow
1776,0,2,45,1,No,Allow
1777,1,4,52,5,Critical,Ban
1778,0,1,30,5,Medium,Restrict
1779,0,2,42,6,Low,Allow
1780,0,1,60,0,No,Allow
1781,0,1,26,0,No,Allow
1782,1,1,21,6,Critical,Ban
1783,0,2,60,5,Low,Warn
1784,0,2,24,4,Low,Allow
1785,0,2,34,2,Low,Allow
1786,1,3,32,3,Critical,Ban
1787,0,2,36,3,Low,Allow
1788,1,3,23,5,Critical,Ban
1789,1,4,44,3,Critical,Restrict
1790,0,2,45,0,No,Allow
1791,1,4,20,4,Critical,Ban
1792,0,1,34,5,Low,Allow
1793,0,1,12,2,Low,Allow
1794,1,2,21,0,Medium,Allow
1795,1,1,60,0,Low,Allow
1796,0,1,35,5,Medium,Warn
1797,0,2,41,3,Low,Allow
1798,0,2,55,3,Low,Allow
1799,0,2,46,6,Low,Allow
1800,0,1,50,0,No,Allow
1801,0,1,46,1,No,Allow
1802,0,1,35,5,Low,Allow
1803,0,1,42,3,Medium,Warn
1804,1,4,24,0,High,Restrict
1805,1,4,55,4,Critical,Ban
1806,1,3,19,0,High,Restrict
1807,0,1,55,5,Low,Allow
1808,0,2,54,5,Low,Allow
1809,0,1,17,5,Low,Warn
1810,0,1,46,3,Medium,Warn
1811,0,2,60,1,No,Allow
1812,0,2,39,6,Low,Allow
1813,1,1,27,3,High,Restrict
1814,0,2,54,4,Low,Allow
1815,1,2,36,0,Medium,Warn
1816,0,1,16,4,Low,Restrict
1817,1,3,22,4,Critical,Restrict
1818,0,2,44,2,Low,Warn
1819,0,1,33,5,Low,Warn
1820,0,2,21,0,No,Allow
1821,1,1,50,5,High,Warn
1822,0,2,16,6,Low,Allow
1823,0,2,21,3,Medium,Warn
1824,0,1,33,0,No,Allow
1825,1,4,12,3,Critical,Ban
1826,0,2,29,3,Low,Warn
1827,0,1,56,3,Low,Warn
1828,0,2,57,1,No,Allow
1829,1,3,54,4,Critical,Ban
1830,0,1,26,1,No,Allow
1831,0,1,13,3,Medium,Warn
1832,1,2,51,4,High,Restrict
1833,0,2,29,4,Low,Allow
1834,0,1,48,5,Low,Warn
1835,0,1,16,6,Low,Allow
1836,0,2,44,5,Low,Allow
1837,0,2,39,5,Low,Allow
1838,0,1,56,6,Low,Allow
1839,1,4,15,1,Critical,Ban
1840,1,2,30,2,High,Restrict
1841,0,2,60,3,Low,Allow
1842,0,2,29,3,Low,Allow
1843,0,2,43,4,Low,Allow
1844,1,4,18,0,High,Restrict
1845,0,2,47,0,No,Allow
1846,0,1,24,5,Low,Allow
1847,0,1,39,5,Low,Allow
1848,0,2,54,2,Low,Warn
1849,0,2,43,2,Low,Allow
1850,1,1,34,3,High,Restrict
1851,0,1,19,3,Low,Allow
1852,1,3,27,1,High,Restrict
1853,0,1,53,3,Medium,Warn
1854,1,3,21,5,Critical,Ban
1855,1,3,43,5,Critical,Ban
1856,1,4,34,5,Critical,Ban
1857,0,1,26,4,Medium,Allow
1858,0,1,46,6,Low,Allow
1859,0,1,28,1,No,Allow
1860,0,2,24,0,No,Allow
1861,0,2,36,0,No,Allow
1862,1,3,48,6,Critical,Ban
1863,1,4,54,4,Critical,Ban
1864,0,1,42,1,No,Allow
1865,0,2,43,5,Low,Allow
1866,1,3,50,2,High,Restrict
1867,1,3,23,4,Critical,Ban
1868,0,2,22,1,No,Allow
1869,0,2,34,0,No,Allow
1870,1,2,42,1,Medium,Restrict
1871,0,2,42,1,No,Allow
1872,0,1,17,3,Low,Allow
1873,1,2,49,0,Medium,Warn
1874,1,2,28,1,High,Ban
1875,1,2,54,3,High,Warn
1876,1,3,46,2,High,Ban
1877,0,2,60,4,Low,Warn
1878,0,1,42,4,Low,Warn
1879,0,2,36,6,Medium,Warn
1880,0,1,19,5,Low,Allow
1881,0,1,30,1,No,Allow
1882,0,2,53,4,Low,Allow
1883,0,2,29,4,Low,Allow
1884,1,1,12,4,Critical,Ban
1885,0,1,22,5,Low,Allow
1886,0,2,40,1,No,Allow
1887,0,2,42,2,Low,Restrict
1888,0,1,60,5,Low,Allow
1889,1,4,57,6,Critical,Ban
1890,0,1,37,0,No,Warn
1891,0,2,38,3,Low,Warn
1892,1,4,50,1,High,Ban
1893,0,1,12,1,No,Allow
1894,0,1,40,0,No,Allow
1895,0,2,34,3,Low,Warn
1896,0,2,49,4,Low,Allow
1897,1,4,50,3,Critical,Ban
1898,0,2,43,2,Medium,Warn
1899,0,2,43,5,Low,Allow
1900,0,2,45,4,Low,Warn
1901,0,2,39,6,Low,Warn
1902,0,1,21,2,Medium,Restrict
1903,1,2,24,1,High,Restrict
1904,0,2,47,3,Low,Allow
1905,0,1,41,3,Low,Allow
1906,0,1,22,3,Low,Allow
1907,0,1,54,5,Low,Allow
1908,0,2,60,0,No,Allow
1909,1,1,41,3,High,Restrict
1910,1,1,21,3,High,Restrict
1911,0,1,57,1,No,Allow
1912,0,1,22,4,Low,Allow
1913,1,1,32,5,Critical,Ban
1914,0,1,53,3,Medium,Restrict
1915,0,2,36,0,No,Allow
1916,0,1,22,0,No,Warn
1917,1,3,14,2,Critical,Ban
1918,1,1,28,4,High,Warn
1919,0,2,44,2,Medium,Warn
1920,1,2,46,2,High,Warn
1921,0,1,21,6,Low,Warn
1922,0,2,18,0,No,Allow
1923,0,2,45,0,No,Allow
1924,0,2,18,1,No,Allow
1925,0,2,13,6,Low,Warn
1926,0,1,34,3,Medium,Restrict
1927,0,2,39,1,No,Allow
1928,1,2,22,2,High,Warn
1929,0,1,20,6,Low,Restrict
1930,0,1,22,4,Low,Allow
1931,0,2,27,1,No,Allow
1932,0,2,10,1,No,Allow
1933,1,2,10,0,High,Restrict
1934,1,2,28,5,Critical,Ban
1935,1,3,11,0,High,Ban
1936,0,1,26,2,Low,Allow
1937,0,1,39,2,Low,Allow
1938,0,2,11,4,Low,Allow
1939,0,2,41,4,Low,Warn
1940,0,1,41,5,Low,Warn
1941,0,1,39,2,Low,Warn
1942,0,1,41,2,Medium,Warn
1943,0,1,51,2,Low,Allow
1944,0,2,13,0,No,Allow
1945,1,4,18,5,Critical,Ban
1946,1,3,26,3,Critical,Ban
1947,0,1,45,3,Medium,Allow
1948,1,1,54,6,Critical,Ban
1949,0,2,56,1,No,Allow
1950,1,1,39,6,Critical,Ban
1951,1,3,30,4,Critical,Ban
1952,0,2,31,1,No,Allow
1953,1,4,13,4,Critical,Ban
1954,1,1,33,5,Critical,Ban
1955,1,3,36,2,High,Restrict
1956,1,1,20,2,High,Restrict
1957,0,1,49,5,Low,Allow
1958,0,2,51,1,No,Allow
1959,1,4,25,0,High,Restrict
1960,0,2,56,4,Medium,Warn
1961,0,1,15,6,Low,Allow
1962,0,2,56,3,Low,Warn
1963,0,2,49,0,No,Allow
1964,0,1,21,3,Low,Allow
1965,1,1,43,1,Medium,Restrict
1966,0,1,25,5,Medium,Restrict
1967,1,1,50,4,High,Restrict
1968,1,1,18,2,High,Restrict
1969,0,1,22,4,Low,Allow
1970,0,1,25,4,Low,Warn
1971,0,2,20,4,Low,Warn
1972,1,1,26,2,High,Ban
1973,1,2,40,3,High,Ban
1974,0,1,42,0,No,Allow
1975,0,2,38,2,Low,Allow
1976,0,2,19,2,Low,Allow
1977,0,2,20,3,Low,Allow
1978,1,4,56,6,Critical,Ban
1979,1,2,22,6,Critical,Restrict
1980,0,2,15,3,Low,Allow
1981,1,4,33,4,Critical,Restrict
1982,0,2,10,0,No,Allow
1983,1,3,27,3,Critical,Ban
1984,0,2,53,4,Medium,Warn
1985,0,1,23,4,Low,Allow
1986,1,1,45,6,Critical,Ban
1987,0,2,34,3,Low,Allow
1988,1,2,28,6,Critical,Ban
1989,1,1,43,6,Critical,Ban
1990,0,2,40,4,Low,Allow
1991,0,1,26,0,No,Allow
1992,1,1,21,2,High,Ban
1993,0,2,56,5,Low,Warn
1994,0,2,18,4,Low,Allow
1995,0,1,58,6,Low,Allow
1996,1,2,34,5,Critical,Ban
1997,0,2,60,0,No,Warn
1998,0,2,28,6,Low,Allow
1999,1,1,38,2,Medium,Restrict
2000,0,1,41,5,Low,Allow
